City_ID,City,Lat,Lng,Max Temp,Humidity,Cloudiness,Wind Speed,Country,Date
0,lata,40.1629,-8.3327,21.38,84,100,4.03,PT,1728236169
1,coquimbo,-29.9533,-71.3436,14.85,77,100,0.0,CL,1728236169
2,wailua homesteads,22.0669,-159.378,25.44,73,75,6.17,US,1728236169
3,edinburgh of the seven seas,-37.0676,-12.3116,14.44,89,91,8.69,SH,1728236169
4,yerofey pavlovich,53.9667,121.9667,-0.79,75,84,1.5,RU,1728236169
5,mancio lima,-7.6142,-72.8958,34.04,49,40,2.06,BR,1728236170
6,rumoi,43.9344,141.6428,13.67,91,100,2.63,JP,1728236170
7,murghob,38.1702,73.9667,3.66,24,61,2.35,TJ,1728236170
8,afaahiti,-17.75,-149.2833,22.55,71,36,9.54,PF,1728236170
9,ushuaia,-54.8,-68.3,9.81,53,20,5.14,AR,1728236016
10,mao,39.8885,4.2658,23.31,88,20,4.63,ES,1728236170
11,waitangi,-43.9535,-176.5597,11.57,98,99,3.13,NZ,1728236170
12,remire-montjoly,4.9167,-52.2667,34.02,49,0,5.66,GF,1728236171
13,yellowknife,62.456,-114.3525,6.9,83,20,4.63,CA,1728236171
14,balabac,7.9868,117.0645,26.38,86,84,2.21,PH,1728236171
15,puerto natales,-51.7236,-72.4875,11.25,46,0,7.72,CL,1728236171
16,greymouth,-42.4667,171.2,10.18,94,96,1.16,NZ,1728236171
17,iqaluit,63.7506,-68.5145,2.85,86,75,7.72,CA,1728236172
18,thompson,55.7435,-97.8558,5.09,65,40,4.63,CA,1728236172
19,isafjordur,66.0755,-23.124,3.02,75,20,9.77,IS,1728236172
20,adamstown,-25.066,-130.1015,19.76,68,100,4.94,PN,1728236172
21,west island,-12.1568,96.8225,25.99,83,20,5.14,CC,1728235968
22,grytviken,-54.2811,-36.5092,-1.86,88,80,6.03,GS,1728236172
23,bethel,41.3712,-73.414,22.01,49,0,2.57,US,1728236172
24,karratha,-20.7377,116.8463,25.13,60,84,5.24,AU,1728236173
25,weno,7.4515,151.8468,26.97,78,75,0.0,FM,1728236173
26,vadso,70.0744,29.7487,0.09,86,75,3.09,NO,1728235891
27,ribeira grande,38.5167,-28.7,23.22,56,40,7.2,PT,1728236173
28,acapulco de juarez,16.8634,-99.8901,29.9,66,40,2.57,MX,1728236173
29,blackmans bay,-43.0167,147.3167,13.74,68,81,3.58,AU,1728236174
30,puerto ayora,-0.7393,-90.3518,22.53,93,87,4.02,EC,1728236174
31,fale old settlement,-9.3852,-171.2468,27.58,77,34,5.56,TK,1728236174
32,talnakh,69.4865,88.3972,-8.95,88,87,4.44,RU,1728236174
33,port-aux-francais,-49.35,70.2167,1.27,63,96,12.52,TF,1728236174
34,hamilton,39.1834,-84.5333,30.4,56,0,6.17,US,1728236175
35,yeppoon,-23.1333,150.7333,18.39,86,60,1.79,AU,1728236175
36,olonkinbyen,70.9221,-8.7187,-1.23,70,100,3.92,SJ,1728236175
37,sitka,57.0531,-135.33,10.94,66,75,5.66,US,1728236175
38,guerrero negro,27.9769,-114.0611,24.52,64,10,4.1,MX,1728236175
39,st. john's,47.5649,-52.7093,11.82,86,75,6.69,CA,1728235912
40,puerto aysen,-45.4,-72.7,16.82,49,0,1.91,CL,1728236120
41,bredasdorp,-34.5322,20.0403,16.43,98,89,3.66,ZA,1728236176
42,hawaiian paradise park,19.5933,-154.9731,23.83,73,0,3.6,US,1728236176
43,utrik,11.2278,169.8474,28.25,74,69,3.31,MH,1728236176
44,sao vicente,-23.9631,-46.3919,24.43,31,100,3.6,BR,1728236176
45,bilibino,68.0546,166.4372,-12.2,99,97,0.49,RU,1728236176
46,margaret river,-33.95,115.0667,12.07,87,64,1.57,AU,1728236177
47,okhotsk,59.3833,143.3,0.65,74,100,3.71,RU,1728236177
48,cabo san lucas,22.8909,-109.9124,33.17,54,0,1.79,MX,1728235987
49,enewetak,11.3474,162.3373,27.58,78,96,2.86,MH,1728236177
50,olyokminsk,60.3736,120.4264,-0.38,80,93,6.2,RU,1728236177
51,hammerfest,70.6634,23.6821,2.25,87,75,3.6,NO,1728236177
52,port alfred,-33.5906,26.891,20.1,89,41,1.79,ZA,1728236177
53,saint-pierre,-21.3393,55.4781,19.82,64,20,2.57,RE,1728236178
54,laguna,38.421,-121.4238,30.26,33,0,1.54,US,1728236178
55,huilong,31.8111,121.655,19.08,88,100,7.02,CN,1728236178
56,akjoujt,19.6969,-14.4164,39.29,12,40,6.22,MR,1728236178
57,stanley,54.868,-1.6985,13.07,84,20,1.03,GB,1728236178
58,alofi,-19.0595,-169.9187,19.94,88,85,2.06,NU,1728236178
59,puri,19.8,85.85,27.69,77,33,2.55,IN,1728236179
60,kiunga,-6.1219,141.2906,23.02,99,100,0.48,PG,1728236179
61,college,64.8569,-147.8028,0.81,87,75,0.0,US,1728236179
62,bonanza,14.0289,-84.591,33.74,42,37,1.82,NI,1728236179
63,buka,40.8108,69.1986,19.0,38,71,3.09,UZ,1728236180
64,posadas,-27.3671,-55.8961,27.99,65,100,2.57,AR,1728236180
65,grand-bassam,5.2118,-3.7388,24.98,89,99,4.3,CI,1728236180
66,sturgis,41.7992,-85.4192,24.82,28,0,5.14,US,1728236180
67,north bend,43.4065,-124.2243,14.53,100,100,0.0,US,1728236180
68,yuzhno-kurilsk,44.0306,145.8556,14.18,88,100,3.28,RU,1728236180
69,papatowai,-46.5619,169.4708,9.26,90,97,1.74,NZ,1728236180
70,klyuchi,52.2667,79.1667,12.35,38,96,4.53,RU,1728236181
71,urengoy,65.9667,78.3667,1.95,98,100,6.08,RU,1728236181
72,ilulissat,69.2167,-51.1,4.01,60,75,1.54,GL,1728236181
73,ouarzazat,30.9189,-6.8934,20.16,64,75,10.8,MA,1728236181
74,tura,25.5198,90.2201,23.0,89,48,1.48,IN,1728236181
75,howard springs,-12.497,131.047,27.95,88,77,1.49,AU,1728236182
76,kone,-21.0595,164.8658,18.32,95,0,2.1,NC,1728236182
77,oudtshoorn,-33.5907,22.2014,22.75,60,91,2.64,ZA,1728236182
78,guane,22.2025,-84.0875,29.43,72,92,3.78,CU,1728236182
79,dunedin,-45.8742,170.5036,8.78,99,82,1.39,NZ,1728236182
80,tiksi,71.6872,128.8694,-8.0,97,99,2.2,RU,1728236182
81,dzhangala,49.2167,50.3333,17.78,29,45,3.79,KZ,1728236183
82,villa gesell,-37.2639,-56.973,13.31,71,38,7.8,AR,1728236183
83,tomsk,58.5,82.5,6.99,73,100,3.45,RU,1728236183
84,fortuna,40.5982,-124.1573,19.51,55,0,3.09,US,1728236183
85,hotan,37.0997,79.9269,16.96,25,57,3.19,CN,1728236183
86,loukhi,66.0764,33.0381,1.49,93,100,2.14,RU,1728236183
87,itapecerica,-20.4725,-45.1256,33.19,19,0,4.56,BR,1728236184
88,nueva palmira,-33.8833,-58.4167,25.21,35,97,5.73,UY,1728235994
89,albany,42.6001,-73.9662,20.91,53,38,1.34,US,1728236139
90,chos malal,-37.3781,-70.2709,22.84,30,37,3.95,AR,1728236184
91,new norfolk,-42.7826,147.0587,14.4,82,93,4.9,AU,1728236184
92,longyearbyen,78.2186,15.6401,-2.09,86,75,3.6,SJ,1728236184
93,uturoa,-16.7333,-151.4333,25.02,72,32,10.53,PF,1728236184
94,nuuk,64.1835,-51.7216,5.34,65,40,0.51,GL,1728236185
95,atafu village,-8.5421,-172.5159,27.78,76,73,4.3,TK,1728236185
96,gazojak,41.1875,61.4036,17.93,18,0,4.38,TM,1728236185
97,port lincoln,-34.7333,135.8667,13.71,90,73,3.68,AU,1728236185
98,gaoyou,32.7858,119.4278,16.08,93,100,5.83,CN,1728236185
99,queenstown,-31.8976,26.8753,21.99,18,26,2.67,ZA,1728236185
100,vorgashor,67.5833,63.95,-2.05,97,98,4.42,RU,1728236185
101,kodiak,57.79,-152.4072,8.73,87,100,11.32,US,1728236186
102,cole harbour,44.6724,-63.4751,16.71,85,93,5.14,CA,1728236186
103,anadyr,64.75,177.4833,-1.72,79,20,7.0,RU,1728236186
104,namibe,-15.1961,12.1522,19.29,84,16,4.09,AO,1728236186
105,udachny,66.4167,112.4,-2.51,96,100,5.94,RU,1728236186
106,porvoo,60.3923,25.6651,10.19,91,38,4.04,FI,1728236186
107,bochum,51.4833,7.2167,12.64,73,81,1.34,DE,1728236186
108,naze,28.3667,129.4833,22.51,81,18,1.25,JP,1728236187
109,kenitra,34.261,-6.5802,23.42,73,52,4.07,MA,1728236187
110,bijie,27.3125,105.2942,10.19,92,100,1.04,CN,1728236187
111,nogliki,51.8333,143.1667,2.23,87,2,3.41,RU,1728236187
112,east london,-33.0153,27.9116,19.52,88,100,3.6,ZA,1728236187
113,la junta,37.985,-103.5438,19.54,24,0,5.14,US,1728236187
114,marsh harbour,26.5412,-77.0636,27.92,58,87,4.99,BS,1728236187
115,pisco,-13.7,-76.2167,20.03,77,40,4.63,PE,1728235965
116,varennes-vauzelles,47.0168,3.1404,17.72,82,100,2.06,FR,1728236188
117,nouadhibou,20.931,-17.0347,21.99,78,21,8.23,MR,1728236188
118,xianshuigu,38.985,117.3828,14.0,77,100,3.0,CN,1728236188
119,kapuskasing,49.4169,-82.4331,11.0,87,100,9.26,CA,1728236188
120,polyarnyy,69.1989,33.4478,1.61,78,49,2.68,RU,1728236188
121,carnarvon,-24.8667,113.6333,19.46,87,0,5.19,AU,1728236188
122,puerto lleras,3.0223,-73.4044,32.56,46,93,1.91,CO,1728236189
123,hithadhoo,-0.6,73.0833,27.5,75,100,8.62,MV,1728235967
124,avarua,-21.2078,-159.775,22.03,64,40,4.12,CK,1728236189
125,namtsy,62.7161,129.6658,-3.21,94,53,2.09,RU,1728236189
126,gembu,6.7,11.2667,16.47,97,84,0.94,NG,1728236189
127,san lorenzo,-25.3333,-57.5333,35.93,21,100,2.24,PY,1728236189
128,invercargill,-46.4,168.35,8.9,91,100,2.14,NZ,1728236189
129,badger,64.8,-147.5333,0.76,84,0,0.0,US,1728236190
130,qaisumah,28.3112,46.1273,28.98,15,0,2.06,SA,1728236190
131,magadan,59.5667,150.8,1.94,100,100,2.15,RU,1728236190
132,bontang,0.1333,117.5,25.23,90,93,2.47,ID,1728236190
133,tual,-5.6667,132.75,27.28,78,59,7.8,ID,1728236190
134,lebu,-37.6167,-73.65,12.88,77,94,6.58,CL,1728236190
135,taro,-8.3862,115.28,20.27,98,95,0.89,ID,1728236190
136,nikol'sk,53.7189,46.0712,11.42,89,100,2.89,RU,1728236191
137,hermanus,-34.4187,19.2345,19.33,67,86,4.4,ZA,1728236191
138,cidreira,-30.1811,-50.2056,20.24,72,95,4.16,BR,1728236191
139,punta arenas,-53.15,-70.9167,10.06,57,75,9.26,CL,1728236191
140,port moresby,-9.4431,147.1797,23.95,94,81,1.06,PG,1728236057
141,dwarka,22.2394,68.9678,27.88,71,1,3.56,IN,1728236191
142,qusmuryn,52.4503,64.6311,13.04,53,100,3.62,KZ,1728236191
143,port mathurin,-19.6833,63.4167,21.91,88,100,11.52,MU,1728236192
144,jamestown,42.097,-79.2353,23.34,50,20,5.66,US,1728236192
145,yulee,30.6319,-81.6065,24.95,86,100,3.09,US,1728236192
146,as sulayyil,20.4607,45.5779,31.88,18,7,3.99,SA,1728236192
147,saipan,15.1355,145.701,26.39,89,100,6.17,MP,1728236192
148,severo-yeniseyskiy,60.3725,93.0408,0.13,95,99,1.51,RU,1728236192
149,coahuayana de hidalgo,18.7,-103.6583,27.95,78,98,1.06,MX,1728236192
150,south hedland,-20.4089,118.5983,24.96,69,59,5.14,AU,1728236193
151,beloyarskiy,63.7119,66.6722,3.61,81,44,4.56,RU,1728236193
152,maile,-38.9466,-72.3727,14.34,54,83,1.75,CL,1728236193
153,san jorge,-31.8962,-61.8598,30.59,28,100,6.0,AR,1728236193
154,boden,65.8252,21.6886,3.27,97,96,2.3,SE,1728236193
155,cockburn town,21.4612,-71.1419,28.41,68,13,3.39,TC,1728236193
156,leninskoye,41.7589,69.3864,16.05,37,2,4.07,KZ,1728236193
157,kirensk,57.7853,108.1119,0.46,92,100,1.33,RU,1728236194
158,port-gentil,-0.7193,8.7815,26.98,74,75,6.17,GA,1728236160
159,lesnikovo,55.2822,65.3175,8.8,57,35,5.0,RU,1728236194
160,tazacorte,28.629,-17.9293,23.54,84,75,2.24,ES,1728236194
161,whitehorse,60.7161,-135.0538,4.5,75,75,5.66,CA,1728236194
162,san julian,21.0167,-102.1667,23.11,50,93,3.48,MX,1728236194
163,mary,37.0,62.5,20.8,44,71,3.47,TM,1728236194
164,khandyga,62.6667,135.6,-3.54,90,28,0.4,RU,1728236195
165,constantia,44.1833,28.65,18.38,87,97,2.37,RO,1728236195
166,condoto,5.0935,-76.6497,29.63,72,96,2.01,CO,1728236195
167,riohacha,11.5444,-72.9072,31.06,70,20,3.09,CO,1728236195
168,geraldton,-28.7667,114.6,13.23,94,0,1.03,AU,1728236195
169,bundi,25.4417,75.6417,27.5,42,73,2.06,IN,1728236195
170,altai,46.3722,96.2583,2.59,49,0,2.02,MN,1728236195
171,erenhot,43.6475,111.9767,7.01,50,0,1.64,CN,1728236196
172,chapada dos guimaraes,-15.4606,-55.7497,40.78,13,36,1.81,BR,1728236196
173,srivardhan,18.0333,73.0167,27.67,81,68,2.45,IN,1728236196
174,solnechnyy,50.7214,136.6319,3.06,54,16,1.96,RU,1728236196
175,kapa'a,22.0752,-159.319,26.18,73,75,6.17,US,1728236196
176,riverton,40.5219,-111.9391,24.8,31,0,5.14,US,1728236197
177,murzuq,25.9155,13.9184,33.25,13,9,4.75,LY,1728236197
178,pastos bons,-6.6017,-44.0767,39.64,17,32,5.36,BR,1728236197
179,port blair,11.6667,92.75,27.02,94,20,0.51,IN,1728236197
180,awjilah,29.1081,21.2869,32.24,17,14,5.76,LY,1728236197
181,lihue,21.9789,-159.3672,25.77,78,75,6.17,US,1728236197
182,arkhangel'sk,64.5401,40.5433,3.06,100,75,3.0,RU,1728236197
183,saint-joseph,-21.3667,55.6167,19.21,71,0,2.17,RE,1728236198
184,lib,8.3122,167.3766,28.44,74,39,3.83,MH,1728236198
185,peace river,56.2501,-117.286,10.17,76,0,4.12,CA,1728236198
186,kindu,-2.95,25.95,23.4,91,81,1.46,CD,1728236198
187,antalaha,-14.9003,50.2788,22.18,75,24,6.45,MG,1728236198
188,belmonte,-15.8631,-38.8828,25.5,65,83,4.93,BR,1728236198
189,malango,-2.9627,119.9001,16.48,78,44,1.48,ID,1728236198
190,newnham,-41.3833,147.1333,12.53,94,100,10.8,AU,1728236198
191,leiston,52.2061,1.5776,13.83,92,70,6.69,GB,1728236194
192,turkmenbasy,40.0222,52.9552,16.43,59,0,0.0,TM,1728236199
193,brookings,44.3114,-96.7984,14.14,54,0,6.69,US,1728236199
194,datong,40.0936,113.2914,9.62,62,70,2.59,CN,1728236199
195,paracuru,-3.41,-39.0306,28.2,62,4,7.05,BR,1728235954
196,port elizabeth,-33.918,25.5701,19.62,92,75,4.12,ZA,1728235929
197,borgarnes,64.5383,-21.9206,2.43,61,0,2.43,IS,1728236200
198,tolanaro,-25.0319,46.9987,21.04,73,40,9.77,MG,1728236200
199,pacific grove,36.6177,-121.9166,25.06,86,0,0.89,US,1728236200
200,susuman,62.7833,148.1667,-5.31,85,100,2.17,RU,1728236200
201,sabang,5.8933,95.3214,27.0,79,100,3.27,ID,1728236200
202,angaur state,6.906,134.13,28.84,74,51,2.86,PW,1728236201
203,orange walk,17.8333,-88.8333,33.62,52,82,1.26,BZ,1728236201
204,georgetown,5.4112,100.3354,27.96,87,20,1.03,MY,1728236201
205,bako,5.7833,36.5667,17.2,87,81,2.69,ET,1728236201
206,savaneta,12.45,-69.9333,30.94,62,40,1.54,AW,1728236201
207,general villegas,-35.0328,-63.0125,25.6,30,100,5.63,AR,1728236201
208,sauri,11.7266,6.7837,22.31,86,93,0.55,NG,1728236201
209,nadi,-17.8,177.4167,23.0,78,20,1.03,FJ,1728236202
210,pingliang,35.5392,106.6861,10.98,73,92,0.87,CN,1728236202
211,i-n-salah,27.1935,2.4607,37.54,10,99,2.3,DZ,1728236202
212,salalah,17.0151,54.0924,27.05,74,75,2.57,OM,1728236202
213,codrington,-38.2667,141.9667,13.87,78,97,8.75,AU,1728236202
214,ongjin,37.9347,125.3619,16.15,77,100,2.51,KP,1728236202
215,xinqing,48.2333,129.5,1.28,68,0,0.89,CN,1728236202
216,berdigestyakh,62.0989,126.6992,0.01,94,93,2.14,RU,1728236203
217,qaqortoq,60.7167,-46.0333,4.44,64,62,0.85,GL,1728236081
218,ust-nera,64.5667,143.2,-9.05,99,96,2.77,RU,1728236203
219,hauterive,46.0901,3.4459,16.7,94,87,2.42,FR,1728236203
220,san patricio,28.017,-97.5169,31.97,48,0,5.45,US,1728236203
221,harnosand,62.6323,17.9379,8.0,74,100,3.94,SE,1728236203
222,taraclia,45.9,28.6689,17.82,88,98,1.53,MD,1728236203
223,medicine hat,50.0501,-110.6683,17.62,47,20,4.12,CA,1728236204
224,cova figueira,14.8905,-24.2934,22.4,78,28,2.14,CV,1728236204
225,sinabang,2.4803,96.3801,25.62,85,100,0.59,ID,1728236204
226,nguigmi,14.2495,13.1092,35.02,27,66,2.64,NE,1728236204
227,brisas de zicatela,15.8369,-97.0419,29.29,79,0,2.57,MX,1728236205
228,sarriguren,42.8106,-1.5927,18.98,82,40,2.06,ES,1728236205
229,tevriz,57.509,72.4042,8.21,83,100,5.08,RU,1728236205
230,kingston,17.997,-76.7936,33.98,66,20,5.14,JM,1728236065
231,trujillo,-8.116,-79.03,17.98,82,100,4.12,PE,1728236205
232,chonchi,-42.6128,-73.8092,17.29,55,1,2.43,CL,1728236205
233,abepura,-2.6333,140.5833,25.45,94,20,0.51,ID,1728236205
234,atherton,53.5237,-2.4935,13.83,89,100,1.79,GB,1728236206
235,arvayheer,46.2639,102.775,2.16,48,0,1.46,MN,1728236206
236,bu'aale,1.0833,42.5833,25.59,74,90,7.47,SO,1728236206
237,aswan,24.0934,32.907,32.61,19,0,2.06,EG,1728236207
238,kachia,9.8667,7.95,21.95,89,86,1.27,NG,1728236207
239,portland,45.5234,-122.6762,17.12,79,20,1.54,US,1728235623
240,la sarre,48.8002,-79.1996,9.86,90,100,7.72,CA,1728236207
241,las tablas,7.7667,-80.2833,29.54,99,94,2.13,PA,1728236208
242,geneina,13.45,22.45,29.87,31,28,0.98,SD,1728236208
243,gunnison,38.7,-107.0673,8.47,18,0,1.56,US,1728236208
244,irece,-11.3042,-41.8558,34.73,24,13,4.5,BR,1728236208
245,qurayyat,31.3318,37.3428,29.1,13,0,2.06,SA,1728236208
246,mbuji-mayi,-6.15,23.6,29.68,33,99,1.9,CD,1728235814
247,sarmiento,-45.5882,-69.07,19.07,32,0,3.9,AR,1728236209
248,valparaiso,-33.0393,-71.6273,16.67,84,100,4.12,CL,1728236155
249,pandan,14.0453,124.1694,25.75,91,100,2.52,PH,1728236209
250,port augusta,-32.5,137.7667,14.53,70,62,1.54,AU,1728236209
251,bereket,39.2446,55.5154,20.53,38,0,3.55,TM,1728236209
252,larkird,35.4894,66.6641,9.93,82,100,1.51,AF,1728236209
253,nosy varika,-20.5833,48.5333,19.08,83,13,1.13,MG,1728236210
254,phan thiet,10.9333,108.1,25.49,85,94,1.57,VN,1728236147
255,sinan,34.8262,126.1086,18.94,57,98,9.07,KR,1728236210
256,sidi aissa,35.8855,3.7724,24.41,39,27,2.75,DZ,1728236210
257,fort st. john,56.2499,-120.8529,9.94,62,40,6.17,CA,1728235963
258,rio grande,-32.035,-52.0986,19.03,75,100,5.08,BR,1728236210
259,trzebinia,50.1593,19.4697,10.49,92,100,0.26,PL,1728236211
260,kyabe,9.4515,18.9449,24.36,90,100,1.66,TD,1728236211
261,holualoa,19.6228,-155.9522,21.57,81,0,2.06,US,1728236211
262,gusinoozyorsk,51.2833,106.5,5.34,65,11,0.72,RU,1728236211
263,zyryanovsk,49.7386,84.2719,12.0,24,100,0.81,KZ,1728236211
264,berezovyy,51.6667,135.7,1.57,68,0,2.12,RU,1728236212
265,minas de marcona,-15.2119,-75.1103,19.87,57,39,3.33,PE,1728236213
266,elliot lake,46.3834,-82.6331,16.79,39,18,5.8,CA,1728236213
267,sarangani,5.4033,125.4636,28.22,78,46,3.62,PH,1728236214
268,sibut,5.718,19.0739,21.45,98,100,1.56,CF,1728236214
269,sao gabriel da cachoeira,-0.1303,-67.0892,26.89,83,75,2.57,BR,1728236214
270,el calafate,-50.3408,-72.2768,9.04,56,94,2.18,AR,1728236214
271,katima mulilo,-17.5,24.2667,20.65,21,0,2.41,,1728236214
272,swift current,50.2834,-107.8014,14.45,41,0,4.12,CA,1728236214
273,al jawf,29.5,38.75,29.45,16,0,6.98,SA,1728236214
274,hovd,48.0056,91.6419,5.75,43,16,0.27,MN,1728236215
275,mawlamyinegyunn,16.3833,95.2667,24.99,90,31,1.48,MM,1728236215
276,concepcion del oro,24.6333,-101.4167,18.68,50,56,1.93,MX,1728236215
277,asturias,43.3333,-6.0,16.86,99,70,1.49,ES,1728236217
278,kerman,30.2832,57.0788,20.92,32,0,5.14,IR,1728236105
279,puerto baquerizo moreno,-0.9,-89.6,24.55,78,40,8.23,EC,1728235940
280,racine,42.7495,-88.0751,19.73,46,0,7.72,US,1728236217
281,buulobarde,3.8538,45.5674,27.6,60,99,7.75,SO,1728236217
282,balqash,46.8481,74.995,14.96,67,63,3.74,KZ,1728236218
283,teloloapan,18.35,-99.85,21.63,76,71,1.77,MX,1728236195
284,chateaudun,48.0833,1.3333,16.14,90,100,6.95,FR,1728236218
285,yarmouth,41.7057,-70.2286,17.23,77,40,5.14,US,1728236218
286,talara,-4.5772,-81.2719,26.42,65,0,7.2,PE,1728236218
287,pohang,36.0322,129.365,17.32,92,100,2.16,KR,1728236218
288,farap,39.1704,63.6116,18.0,52,0,2.06,TM,1728236219
289,simpang,-1.2667,104.0833,23.85,92,95,0.72,ID,1728236219
290,guayaquil,-2.1667,-79.9,30.98,48,20,4.63,EC,1728236108
291,rio gallegos,-51.6226,-69.2181,13.03,35,0,5.14,AR,1728236219
292,iranshahr,27.2025,60.6848,34.19,21,0,4.12,IR,1728236219
293,manta,-0.95,-80.7333,28.88,65,40,3.6,EC,1728236152
294,hoemul-li,41.4339,129.67,13.46,69,100,1.35,KP,1728236219
295,hetauda,27.4284,85.0322,21.87,93,30,1.66,NP,1728236219
296,garissa,-0.4536,39.6401,28.18,48,75,10.82,KE,1728236220
297,chibougamau,49.9168,-74.3659,10.79,66,100,6.69,CA,1728236091
298,conde,-7.2597,-34.9075,28.7,58,20,6.17,BR,1728236211
299,emkhomazi,-30.2067,30.7978,23.06,42,0,2.62,ZA,1728236220
300,chegdomyn,51.1167,133.0167,-0.52,77,3,1.0,RU,1728236221
301,childress,34.4264,-100.204,27.14,32,0,0.0,US,1728236221
302,unye,11.4502,13.962,26.06,67,99,2.57,NG,1728236221
303,tamanrasset,22.785,5.5228,25.95,31,40,4.63,DZ,1728236221
304,dudinka,69.4058,86.1778,-4.02,74,100,8.08,RU,1728236221
305,arraial do cabo,-22.9661,-42.0278,24.98,50,0,7.72,BR,1728236113
306,corner brook,48.9667,-57.9484,13.76,59,100,4.18,CA,1728235952
307,xuddur,4.1213,43.8894,28.91,43,100,6.38,SO,1728236224
308,tianshui,34.5439,105.6897,14.91,67,100,1.24,CN,1728236225
309,colonia,50.9333,6.95,13.4,75,0,4.12,DE,1728236092
310,kirando,-7.4167,30.6,26.2,61,57,1.64,TZ,1728236225
311,lospalos,-8.5186,127.0025,20.54,92,87,2.14,TL,1728236225
312,lampang,18.3333,99.5,22.65,96,20,0.12,TH,1728236225
313,mananjary,-21.2167,48.3333,17.65,91,18,0.89,MG,1728236225
314,diamantino,-14.4086,-56.4461,35.81,27,43,2.6,BR,1728236226
315,harnai,30.1005,67.9374,26.63,47,1,1.17,PK,1728236226
316,tipasa,36.5897,2.4475,24.31,63,84,1.26,DZ,1728236226
317,mount pearl,47.5166,-52.7813,11.36,84,75,6.69,CA,1728236227
318,yanchep,-31.55,115.6833,14.6,87,34,2.5,AU,1728236227
319,tovarkovskiy,53.6822,38.2092,11.69,95,100,4.75,RU,1728236227
320,fonseca,10.8861,-72.8487,33.54,46,89,2.83,CO,1728236228
321,mount isa,-20.7333,139.5,25.87,44,14,4.12,AU,1728236228
322,aykhal,66.0,111.5,-5.08,94,91,9.19,RU,1728236228
323,daru,-9.0763,143.2092,25.62,88,100,7.55,PG,1728236228
324,iskateley,67.6803,53.1512,0.33,76,63,6.12,RU,1728236228
325,vilyuchinsk,52.9306,158.4028,3.15,72,100,0.9,RU,1728236228
326,mount gambier,-37.8333,140.7667,13.08,86,100,5.78,AU,1728236228
327,bel ombre,-4.6167,55.4167,25.91,89,75,6.17,SC,1728236229
328,sola,-13.8833,167.55,26.3,84,95,9.49,VU,1728236229
329,dickson,36.077,-87.3878,30.02,52,0,3.6,US,1728236051
330,palangkaraya,-2.2,113.8333,24.31,82,100,1.3,ID,1728236230
331,san antonio de pale,-1.4014,5.6325,25.08,84,100,4.18,GQ,1728236230
332,saint-pol-de-leon,48.6833,-3.9833,16.32,79,75,5.66,FR,1728236230
333,qui nhon,13.7667,109.2333,24.75,91,100,3.05,VN,1728236230
334,lubang,13.8584,120.124,27.78,78,100,7.45,PH,1728236230
335,flying fish cove,-10.4217,105.6791,25.82,94,100,6.17,CX,1728236230
336,jiuquan,39.7432,98.5174,10.27,47,0,2.24,CN,1728236230
337,igarka,67.4667,86.5833,-2.05,66,100,8.62,RU,1728236231
338,hinton,53.4001,-117.5857,11.26,58,100,2.1,CA,1728236231
339,nadym,65.5333,72.5167,-1.02,94,100,3.77,RU,1728236231
340,happy valley-goose bay,53.3168,-60.3315,12.17,40,75,4.12,CA,1728236231
341,dilling,12.05,29.65,25.34,61,100,3.44,SD,1728236231
342,mbaiki,3.8678,17.9892,22.07,94,96,0.67,CF,1728236232
343,tougan,13.0667,-3.0667,27.23,70,97,5.38,BF,1728236232
344,shuangjiang,26.1547,109.7138,15.62,72,90,1.76,CN,1728236232
345,arar,30.9753,41.0381,29.01,14,0,3.09,SA,1728236232
346,ancud,-41.8697,-73.8203,9.09,84,13,9.72,CL,1728236232
347,broken hill,-31.95,141.4333,16.46,47,19,1.47,AU,1728236232
348,lompoc,34.6391,-120.4579,20.4,86,0,1.54,US,1728236233
349,oranjemund,-28.55,16.4333,15.47,88,64,7.58,,1728236233
350,itaituba,-4.2761,-55.9836,36.09,49,40,2.57,BR,1728236233
351,iwanai,42.9744,140.5089,13.15,91,100,1.85,JP,1728236233
352,tanjung selor,2.8372,117.3642,23.48,98,98,0.85,ID,1728236233
353,nova sintra,14.8667,-24.7167,28.02,74,29,1.97,CV,1728236233
354,progreso,21.2833,-89.6667,32.2,72,77,4.7,MX,1728236234
355,princeville,45.7668,-61.2985,16.5,85,75,4.63,CA,1728236234
356,arinos,-15.9169,-46.1056,40.01,16,0,1.83,BR,1728236234
357,poronaysk,49.2167,143.1167,5.75,88,100,1.94,RU,1728236235
358,miles city,46.4083,-105.8406,15.54,33,0,4.12,US,1728236235
359,parasia,22.2,78.7667,21.67,71,6,2.57,IN,1728236235
360,fort bragg,35.139,-79.006,27.6,56,0,1.54,US,1728236235
361,sao tome,0.3365,6.7273,24.91,85,93,4.69,ST,1728236235
362,kralendijk,12.15,-68.2667,30.99,66,20,3.09,BQ,1728236233
363,tofol,5.3248,163.0078,29.16,72,43,5.5,FM,1728236235
364,taltal,-25.4,-70.4833,18.92,59,100,0.58,CL,1728235822
365,moab,38.5733,-109.5498,26.38,15,0,1.53,US,1728236007
366,vila velha,-20.3297,-40.2925,23.97,63,0,5.66,BR,1728235994
367,baraki barak,33.9675,68.9486,16.14,42,61,0.45,AF,1728236236
368,chinde,26.8212,87.7095,21.95,92,8,1.65,NP,1728236236
369,trairi,-3.2778,-39.2689,28.16,62,8,6.71,BR,1728236172
370,pointe-noire,-4.7761,11.8635,24.97,89,100,4.33,CG,1728236236
371,anna regina,7.2644,-58.5077,27.4,78,93,1.22,GY,1728236237
372,nizhneangarsk,55.7833,109.55,0.16,91,100,1.96,RU,1728236237
373,san luis de la loma,17.2706,-100.8939,28.28,78,86,3.9,MX,1728236237
374,tindouf,27.6711,-8.1474,38.25,13,0,3.09,DZ,1728236237
375,madan,41.5,24.95,11.82,55,1,2.44,BG,1728236238
376,flin flon,54.7682,-101.865,7.91,76,20,6.17,CA,1728236238
377,salem,11.65,78.1667,26.97,77,100,1.13,IN,1728236238
378,vega de alatorre,20.0333,-96.6333,29.85,65,83,7.96,MX,1728236238
379,porto murtinho,-21.6989,-57.8825,46.05,11,49,1.62,BR,1728236238
380,san andres,12.5847,-81.7006,31.01,74,20,3.09,CO,1728236238
381,ust'-kulom,61.6864,53.6902,3.01,82,42,4.54,RU,1728236239
382,bopolu,7.0667,-10.4875,22.8,98,96,1.45,LR,1728236239
383,winmalee,-33.6799,150.6083,12.43,83,0,2.57,AU,1728236239
384,orchard homes,46.8633,-114.0484,8.08,57,0,0.0,US,1728236239
385,mangrol,21.1167,70.1167,27.4,78,0,3.7,IN,1728236239
386,sisimiut,66.9395,-53.6735,2.32,98,100,3.29,GL,1728236239
387,vila franca do campo,37.7167,-25.4333,22.23,99,72,5.27,PT,1728236239
388,labuan,5.2767,115.2417,26.2,94,40,0.0,MY,1728236240
389,mejit,10.2753,170.8646,28.3,77,26,3.5,MH,1728236240
390,tol'yatti,53.5303,49.3461,13.21,71,78,1.98,RU,1728236240
391,kirakira,-10.4544,161.9205,26.36,87,100,6.82,SB,1728236240
392,santo antonio,-6.3106,-35.4789,32.26,31,5,8.54,BR,1728236240
393,galle,6.0367,80.217,27.24,82,91,3.96,LK,1728236241
394,biltine,14.5333,20.9167,35.46,20,99,2.58,TD,1728236241
395,mendeleyevsk,55.9082,52.2905,7.26,54,40,0.88,RU,1728236241
396,mamuju,-2.6748,118.8885,25.69,87,58,1.63,ID,1728236241
397,oroqen zizhiqi,50.5667,123.7167,3.14,55,100,1.53,CN,1728236241
398,carbonear,47.7332,-53.2148,12.3,84,100,6.46,CA,1728236241
399,nikolayevsk-on-amure,53.1406,140.73,1.15,88,46,0.78,RU,1728236242
400,claveria,18.6074,121.0832,25.6,85,21,3.29,PH,1728236242
401,egilsstadir,65.2653,-14.3948,2.95,87,75,5.66,IS,1728236242
402,salekhard,66.53,66.6019,-4.4,98,78,2.04,RU,1728236242
403,viedma,-40.8135,-62.9967,16.16,39,100,8.03,AR,1728236242
404,ixtapa,20.7,-105.2,30.13,84,100,3.09,MX,1728236243
405,ciudad lazaro cardenas,17.9583,-102.2,27.36,82,99,1.96,MX,1728236243
406,soc trang,9.6033,105.98,24.97,89,98,0.76,VN,1728236243
407,alotau,-10.3069,150.4462,24.04,95,99,0.47,PG,1728236243
408,plasencia,40.0312,-6.0885,22.73,60,100,3.02,ES,1728236243
409,haiku-pauwela,20.9219,-156.3051,24.03,72,20,5.36,US,1728236243
410,hangu,39.2489,117.7892,14.01,66,100,2.64,CN,1728236244
411,tanout,14.9709,8.8879,31.92,36,83,2.08,NE,1728236244
412,kavieng,-2.5744,150.7967,29.19,75,45,7.5,PG,1728236244
413,kingaroy,-26.5333,151.8333,17.13,49,19,0.29,AU,1728236244
414,simanggang,1.2472,111.4528,25.01,94,100,0.0,MY,1728236244
415,ribeira brava,32.65,-17.0667,26.11,94,100,2.88,PT,1728236244
416,yung shue wan,22.2333,114.1167,28.75,79,6,2.97,HK,1728236244
417,acarau,-2.8856,-40.12,29.07,63,12,8.78,BR,1728236245
418,aberglasslyn,-32.7,151.5333,12.06,72,0,2.81,AU,1728236245
419,machakos,-1.5167,37.2667,17.7,74,100,2.96,KE,1728236245
420,darwin,-12.4611,130.8418,27.99,77,82,1.03,AU,1728236225
421,zaozersk,69.4005,32.4476,0.58,79,36,2.81,RU,1728236245
422,keflavik,64.0049,-22.5624,7.24,57,0,3.09,IS,1728236245
423,olinda,-8.0089,-34.8553,28.85,58,20,5.14,BR,1728236245
424,petauke,-14.2426,31.3253,21.07,31,3,1.42,ZM,1728236246
425,auki,-8.7676,160.7034,24.97,91,78,1.56,SB,1728236246
426,smithers,54.7804,-127.1743,5.18,100,100,2.57,CA,1728236247
427,beringen,51.0507,5.2216,15.08,73,100,4.63,BE,1728236247
428,touros,-5.1989,-35.4608,27.76,58,2,6.71,BR,1728236247
429,mishkino,55.3389,63.9175,6.76,68,23,4.02,RU,1728236247
430,waddan,29.1614,16.139,29.2,44,0,7.29,LY,1728236247
431,la'ie,21.6477,-157.9253,27.98,75,64,2.24,US,1728236158
432,thabazimbi,-24.5917,27.4116,18.8,21,27,0.67,ZA,1728236247
433,santo antonio do leverger,-15.8656,-56.0767,41.21,13,21,3.09,BR,1728236248
434,chahar burj,34.2448,62.1917,17.79,58,100,1.55,AF,1728236248
435,coyhaique,-45.5752,-72.0662,13.71,58,6,3.85,CL,1728235995
436,labrador city,52.9463,-66.9114,9.95,47,0,6.26,CA,1728236248
437,salinopolis,-0.6136,-47.3561,29.22,66,76,5.64,BR,1728236248
438,marabba,12.35,32.1833,31.56,42,18,6.46,SD,1728236248
439,ta`u,-14.2336,-169.5144,26.7,79,80,10.44,AS,1728236248
440,kerikeri,-35.2268,173.9474,17.17,89,99,3.58,NZ,1728236249
441,san sebastian de la gomera,28.0916,-17.1133,25.2,73,20,5.66,ES,1728236249
442,zhangye,38.9342,100.4517,12.49,46,7,0.61,CN,1728236249
443,tacuarembo,-31.7333,-55.9833,22.62,55,97,6.69,UY,1728236078
444,nemuro,43.3236,145.575,14.78,84,100,5.49,JP,1728236249
445,kulhudhuffushi,6.6221,73.07,28.11,79,89,9.23,MV,1728236249
446,port douglas,-16.4833,145.4667,22.33,79,43,3.66,AU,1728236249
447,kabare,-2.4683,28.8242,17.54,90,95,0.56,CD,1728236250
448,hafnarfjordur,64.0671,-21.9377,7.93,39,0,3.09,IS,1728236250
449,magnolia,33.2671,-93.2393,30.49,43,0,4.02,US,1728236250
450,bonny,4.4522,7.1681,24.62,88,100,2.88,NG,1728236251
451,ryotsu-minato,38.0833,138.4333,19.3,89,100,2.43,JP,1728236251
452,orhaneli,39.9033,28.9906,18.39,80,78,2.54,TR,1728236251
453,kununurra,-15.7667,128.7333,25.99,78,100,2.06,AU,1728236251
454,ikungi,-5.1333,34.7667,21.83,49,99,4.34,TZ,1728236251
455,sandnessjoen,66.0217,12.6316,3.06,87,20,1.54,NO,1728236252
456,port saint john's,-31.6229,29.5448,23.24,31,1,1.06,ZA,1728236252
457,pangkalpinang,-2.1333,106.1333,26.04,84,100,2.41,ID,1728236252
458,manggar,-2.8833,108.2667,27.85,74,67,4.5,ID,1728236252
459,rurrenabaque,-14.4413,-67.5278,35.94,46,40,2.06,BO,1728236252
460,petropavlovsk-kamchatsky,53.0452,158.6483,2.33,70,100,2.0,RU,1728236253
461,bluewater,34.1745,-114.2713,38.85,9,0,1.43,US,1728236254
462,farasan,16.7022,42.1183,31.2,72,48,2.77,SA,1728236254
463,tadine,-21.55,167.8833,19.97,83,7,3.43,NC,1728236254
464,coronel suarez,-37.4547,-61.9334,21.25,38,98,5.74,AR,1728236254
465,saint john,45.2727,-66.0677,16.57,72,40,5.14,CA,1728236255
466,juneau,58.3019,-134.4197,9.0,87,100,4.39,US,1728236255
467,mizdah,31.4451,12.9801,26.84,38,60,2.38,LY,1728236257
468,verkhnevilyuysk,63.4453,120.3167,0.61,99,100,2.24,RU,1728236257
469,iron river,46.0927,-88.6423,7.77,70,83,6.62,US,1728236257
470,rongelap,11.1635,166.8941,28.08,73,99,2.67,MH,1728236258
471,san jose,37.3394,-121.895,33.62,28,13,1.79,US,1728236258
472,olovyannaya,50.95,115.5667,2.52,62,21,2.67,RU,1728236258
473,znojmo,48.8555,16.0488,11.67,76,68,1.51,CZ,1728236258
474,praia da vitoria,38.7333,-27.0667,21.14,83,40,5.78,PT,1728236258
475,caxito,-8.5785,13.6643,24.57,81,42,2.46,AO,1728236259
476,ippy,6.2679,21.2247,21.79,92,94,1.55,CF,1728236259
477,pitimbu,-7.4706,-34.8086,26.47,64,5,5.14,BR,1728236259
478,jalai nur,49.45,117.7,3.07,62,4,2.94,CN,1728236259
479,westport,41.1415,-73.3579,21.75,56,1,1.79,US,1728236073
480,hasaki,35.7333,140.8333,21.95,90,80,3.06,JP,1728236260
481,santa elena de uairen,4.6167,-61.1333,25.43,66,40,1.78,VE,1728236260
482,lerwick,60.1545,-1.1494,10.72,89,100,5.94,GB,1728236260
483,ceerigaabo,10.6162,47.368,21.79,56,97,1.82,SO,1728236260
484,porto novo,6.4965,2.6036,27.9,81,65,3.96,BJ,1728236260
485,saldanha,-33.0117,17.9442,27.03,76,100,5.47,ZA,1728236261
486,gerede,40.8008,32.1969,13.47,45,94,1.95,TR,1728236261
487,lan krabue,16.6,99.8489,24.17,82,73,1.56,TH,1728236261
488,manokwari,-0.8667,134.0833,25.59,79,99,1.46,ID,1728236261
489,constitucion,-35.3333,-72.4167,20.34,55,85,8.27,CL,1728236261
490,duong dong,10.2167,103.9667,27.0,89,40,0.0,VN,1728236262
491,kudahuvadhoo,2.6708,72.8944,27.08,79,100,6.78,MV,1728236262
492,lianhe,47.1333,129.2667,2.98,71,11,0.58,CN,1728236262
493,new smyrna beach,29.0258,-80.927,24.05,92,75,3.6,US,1728236164
494,zaragoza,41.6561,-0.8773,23.34,57,20,2.06,ES,1728236262
495,gizo,-8.103,156.8419,27.97,75,50,1.69,SB,1728236263
496,shache,38.4167,77.2406,17.46,30,55,4.42,CN,1728236263
497,sechura,-5.5569,-80.8222,16.91,95,40,6.71,PE,1728236263
498,bridgewater,44.3835,-64.5155,18.82,71,48,2.57,CA,1728236263
499,tiflet,33.8947,-6.3065,23.29,53,19,5.62,MA,1728236263
500,sydney mines,46.2367,-60.2177,15.56,83,100,6.17,CA,1728236264
501,seabra,-12.4186,-41.7703,28.51,41,47,3.23,BR,1728236265
502,sitangkai,4.6628,119.3928,28.65,73,100,2.96,PH,1728236265
503,freetown,8.484,-13.2299,26.84,83,75,6.69,SL,1728236265
504,al kharj,24.155,47.3346,32.32,16,0,5.46,SA,1728236207
505,taksimo,56.3444,114.8794,0.8,77,96,2.35,RU,1728236265
506,chebarkul',54.9749,60.3633,6.98,80,64,2.09,RU,1728236266
507,ulsteinvik,62.3432,5.8487,10.17,94,100,0.45,NO,1728236266
508,yeed,4.55,43.0333,32.02,35,100,4.92,SO,1728236266
509,aasiaat,68.7098,-52.8699,2.9,97,94,6.08,GL,1728236266
510,boston,42.3584,-71.0598,19.62,62,7,3.13,US,1728236121
511,pangody,65.85,74.4859,0.46,90,100,5.21,RU,1728236266
512,meulaboh,4.1363,96.1285,25.25,87,97,2.22,ID,1728236267
513,gorontalo,0.5412,123.0595,23.15,92,12,1.08,ID,1728236267
514,luderitz,-26.6481,15.1594,12.83,97,89,1.79,,1728236267
515,pirane,-25.7324,-59.1088,38.06,21,100,3.74,AR,1728236267
516,ullal,12.8,74.85,24.53,88,75,2.57,IN,1728236267
517,ashkasham,36.6833,71.5333,10.24,37,100,1.29,AF,1728236268
518,tralee,52.2704,-9.7026,12.38,93,66,4.75,IE,1728236268
519,vernon,50.2581,-119.2691,10.74,87,100,1.54,CA,1728236158
520,medina,24.4686,39.6142,37.24,6,0,4.12,SA,1728236268
521,coeur d'alene,47.6777,-116.7805,14.32,66,0,5.14,US,1728236268
522,kailua-kona,19.6406,-155.9956,23.64,80,0,2.06,US,1728236268
523,nema,57.5067,50.5011,5.38,53,95,0.51,RU,1728236269
524,buarcos,40.166,-8.8768,18.53,99,100,5.95,PT,1728236269
525,barauli,26.4,84.5833,25.86,82,32,3.12,IN,1728236269
526,inyonga,-6.7167,32.0667,24.51,40,50,2.28,TZ,1728236269
527,rosalie,15.3667,-61.2667,35.75,49,20,0.51,DM,1728236269
528,chul'man,56.8479,124.9104,-1.26,96,95,1.32,RU,1728236269
529,sandakan,5.8402,118.1179,25.82,94,20,1.03,MY,1728236130
530,suileng,47.25,127.0833,5.24,48,0,0.7,CN,1728236270
531,seybaplaya,19.65,-90.6667,30.7,69,87,4.61,MX,1728236270
532,nova vicosa,-17.8919,-39.3719,24.34,61,64,3.8,BR,1728236270
533,carroll,39.5501,-77.0164,23.64,56,0,4.63,US,1728236270
534,revda,56.801,59.9303,3.85,68,16,3.44,RU,1728236271
535,akureyri,65.6835,-18.0878,4.96,70,75,2.57,IS,1728236271
536,torbat-e jam,35.244,60.6225,17.59,50,100,6.03,IR,1728236271
537,tazovsky,67.4667,78.7,-0.24,97,100,10.56,RU,1728236272
538,kichmengskiy gorodok,59.9816,45.7854,2.73,84,63,1.26,RU,1728236272
539,kimbe,-5.5502,150.1429,23.27,94,70,1.45,PG,1728236272
540,twentynine palms,34.1356,-116.0542,36.8,11,0,2.55,US,1728236272
541,markovo,57.3206,107.0881,1.71,97,100,1.04,RU,1728236272
542,el granada,37.5027,-122.4694,30.56,46,0,1.79,US,1728236273
543,mossel bay,-34.1831,22.146,17.96,92,100,2.86,ZA,1728236181
544,bairnsdale,-37.8333,147.6167,8.92,88,55,2.64,AU,1728236273
545,amal,59.051,12.7049,10.02,83,87,5.01,SE,1728236273
546,konstantinovka,49.6167,127.9833,4.64,50,34,2.82,RU,1728236273
547,kargasok,59.0556,80.8572,8.15,71,100,5.01,RU,1728236273
548,ulladulla,-35.35,150.4667,13.54,66,19,3.11,AU,1728236273
549,woolgoolga,-30.1106,153.2007,11.93,61,0,2.49,AU,1728236274
550,malvik,63.4333,10.6833,5.77,93,75,1.03,NO,1728236274
551,bikenibeu village,1.3673,173.1241,27.98,78,20,3.6,KI,1728236274
552,qulsary,46.9531,54.0198,16.26,30,79,1.47,KZ,1728236274
553,aleksandrovsk-sakhalinskiy,50.8975,142.1561,5.6,82,18,2.81,RU,1728236274
554,verdal,63.7933,11.4817,5.96,83,100,0.84,NO,1728236274
555,dryden,49.7833,-92.7503,5.16,81,100,7.2,CA,1728236275
556,kolokani,13.5728,-8.0339,27.32,71,100,2.67,ML,1728236275
557,suva,-18.1416,178.4415,21.71,100,40,0.0,FJ,1728236275
558,cuyo,10.8525,121.0086,27.17,77,92,1.06,PH,1728236275
559,saint-philippe,-21.3585,55.7679,19.43,79,4,3.1,RE,1728236275
560,gumushkhane,40.4603,39.4814,17.01,29,11,1.35,TR,1728236275
561,tsetserleg,47.475,101.4542,0.65,57,0,2.51,MN,1728236275
562,cill airne,52.05,-9.5167,12.31,95,66,3.68,IE,1728236275
563,semporna,4.4818,118.6112,25.73,89,100,1.06,MY,1728236276
564,ascension,30.2169,-90.9001,31.15,63,40,3.09,US,1728236276
565,alice springs,-23.7,133.8833,16.75,42,67,2.06,AU,1728236276
566,pontes e lacerda,-15.2261,-59.3353,38.84,23,32,5.94,BR,1728236276
567,forest,37.3638,-79.2897,23.43,67,75,2.06,US,1728236270
568,nueva gerona,21.8833,-82.8,31.48,61,80,3.44,CU,1728236277
569,darlowo,54.421,16.4107,10.96,76,27,3.85,PL,1728236277
